,0,1,2
0,-0.3252007201730657,-0.1345401264324,0.0
1,0.14188769157869296,0.2854740175436862,1.0
2,-0.4833188328190225,-0.1404904682238104,0.0
3,-0.7436519918937358,0.6920985616279633,1.0
4,1.235587089525639,-0.9860201337974068,0.0
5,-0.13386529517508672,-0.03839746139889666,0.0
6,0.44596940408032026,-0.7375345150921144,0.0
7,-0.5050472927846201,-0.9608744825959372,0.0
8,1.2918694250235854,0.9758907997542414,1.0
9,0.05428973905339272,-0.12958250967629548,0.0
10,0.9492180868751059,0.5455193495087881,1.0
11,-0.8568147026933763,0.33568928697349565,1.0
12,-0.2588023828261416,0.7489359508617737,1.0
13,-0.46974643806040556,-0.7071745659769699,0.0
14,0.011970570496287428,-0.7355423620145553,0.0
15,0.4826682220015312,-0.04151544797600337,0.0
16,0.2429170608347476,0.6889352609607281,1.0
17,0.8326009540378729,0.30199846962709465,1.0
18,0.2381595220991705,0.9660290358948824,1.0
19,-1.1494671416759001,0.6581384115799459,1.0
20,1.063194448056304,-0.8471692354017082,0.0
21,0.9666026222646117,0.7851252218678058,1.0
22,-0.5550439048055373,-0.7357184219134928,0.0
23,1.1228176330543043,-0.9685551964617765,0.0
24,0.5010702009636707,0.2236530628212705,1.0
25,0.1908725390270326,-0.6848920828374792,0.0
26,-0.21206954836275957,0.9459065028798561,1.0
27,-0.08225298120095806,-0.012072462850980736,0.0
28,0.45077841135689456,-0.37812452031126487,0.0
29,1.0649915981865452,-0.467903816204024,0.0
30,0.3495554248510036,-0.2616139020952113,0.0
31,0.2189474420727288,-0.681758283174056,0.0
32,0.0963446395175013,0.735067631681872,1.0
33,-0.045967879417448114,0.7385218204718988,1.0
34,-0.07421308514343736,-0.023736600936226537,0.0
35,-0.9282036451479749,0.34789190786345847,1.0
36,0.603708651783296,-0.25389093967394805,0.0
37,-0.5475719507705135,-0.6252786103811202,0.0
38,0.007478200148261377,0.7832570804375651,1.0
39,-0.8840120433071036,-0.3324245386675787,0.0
40,0.3103943960939212,-0.313887845993727,0.0
41,-0.4733325859079299,-0.6167255795035758,0.0
42,-0.3128114527397811,0.3762862916340214,1.0
43,0.7189661294553219,-0.8902410219224646,0.0
44,0.13319804496461943,-0.768438424375218,0.0
45,0.5153748729124493,0.7761181284584896,1.0
46,0.695885267094302,-0.5954048793435535,0.0
47,-0.2504325680051992,-0.09654930906250692,0.0
48,0.40352467116222857,0.1699915031536896,1.0
49,-1.255467129243927,0.9959180730606867,1.0
50,-0.1253348334368157,0.6762809453889066,1.0
51,0.11669768569716876,-0.7794906027694288,0.0
52,-1.152164886411098,-0.749956657502182,0.0
53,-0.31413649326282844,-0.603440962410669,0.0
54,0.5784690752107787,-0.1581390327290828,0.0
55,0.18990654979722493,0.5357373782315499,1.0
56,1.2208507396223014,-0.8327092149300428,0.0
57,-1.1219722483161485,-0.6417891454542586,0.0
58,0.9385735193665888,0.8398230065620711,1.0
59,-0.02994166349405858,-0.2707858154764128,0.0
60,0.15505969531032526,0.5082542617807564,1.0
61,0.356278450135345,0.9739133070218735,1.0
62,0.3274705208672368,-0.15406027603611716,0.0
63,0.35995809080461044,0.4510005459581625,1.0
64,0.5913193227931492,-0.6684880262152075,0.0
65,0.46317156335111154,0.39474926779402986,1.0
66,-0.3601288192207955,0.9792285103201468,1.0
67,0.5029855408226742,0.9670952246115254,1.0
68,-0.8626488441343718,0.3735116150854958,1.0
69,0.3769789738261382,0.694919502057614,1.0
70,0.15913814719634603,0.795340688093405,1.0
71,0.40300316242752465,0.8775944108358873,1.0
72,-0.12877639169702784,0.5571800782131708,1.0
73,0.5069128419886287,-0.4700819304608922,0.0
74,0.41863420679504537,-0.004744423079495741,0.0
75,0.7529761433713268,-0.6481826489216529,0.0
76,0.037861443826844546,0.6591624510044624,1.0
77,0.7520551819370189,-0.9789462587270232,0.0
78,-0.487395263679971,-0.12940174210007216,0.0
79,1.0554645721603064,-0.9430111489409252,0.0
80,0.5437171921816097,-0.5569381551356363,0.0
81,0.03788326350289709,0.6110399265030193,1.0
82,0.5260247732920613,-0.7120296985002562,0.0
83,-1.1214405969112977,-0.8795365148613101,0.0
84,-0.3156420289922814,-0.9918773636713526,0.0
85,0.07353044439088267,-0.8235984394854352,0.0
86,0.03945729471716599,-0.1773227385792706,0.0
87,-0.5187615683579752,0.13914916687582912,1.0
88,-1.0933374334306871,-0.6802536282373612,0.0
89,0.8749067454879684,-0.6460800015315847,0.0
90,-0.4261453994850921,-0.7588031292691051,0.0
91,0.19041477816102859,-0.5516157878394069,0.0
92,0.0021831572633602882,0.34416731595915195,1.0
93,-0.2543883034837417,-0.7303317157415153,0.0
94,0.5965998476072382,0.7540501364560867,1.0
95,0.08001766302954998,0.49559442346250515,1.0
96,-0.4059609908946503,-0.7542952862151402,0.0
97,-1.2058026929916332,-0.7167160663090352,0.0
98,-0.14233659256399453,-0.02865109953658873,0.0
99,-0.6144478140715288,-0.22131957707684635,0.0
100,-0.10952335075800601,-0.8595750945163081,0.0
101,1.146226999463718,0.9760594596962189,1.0
102,-0.3612918182492541,0.20161952030390418,1.0
103,-0.974241827466294,0.4771893545025432,1.0
104,-0.8481446582259933,0.4696289871780781,1.0
105,0.5446241291304074,0.8902525349118802,1.0
106,-0.6083767613628109,-0.5208782087015547,0.0
107,0.11775092649709236,-0.8260162020552162,0.0
108,0.9806078197429873,0.9474681028260004,1.0
109,0.6057596115383893,0.48455300437414683,1.0
110,0.30678865460258276,-0.743954477491841,0.0
111,0.7377719414081542,0.6903520984972368,1.0
112,-1.135538174100279,-0.8284524358987406,0.0
113,-0.12350878249996237,0.9931302640881838,1.0
114,0.18203420722607822,0.0021193579454785727,0.0
115,0.8398574695662459,-0.5988355365235335,0.0
116,0.6860829380200014,0.9250458545419651,1.0
117,-0.7216232971910382,0.3845848193262308,1.0
118,0.9555742620273928,0.42005940815987886,1.0
119,-0.40338389137760206,0.47567798455899324,1.0
120,-0.2012997759500805,0.45948311655941354,1.0
121,0.890644158084678,-0.7073241738063818,0.0
122,-0.638057786125542,-0.10111985428584913,0.0
123,0.7740756359392891,-0.9715273369155255,0.0
124,-0.30342605980555404,-0.5120463366456456,0.0
125,-0.8730651327389548,0.29572723376396126,1.0
126,-0.501225389360136,0.43511446344782057,1.0
127,1.1264172529316807,-0.5976775921697387,0.0
128,0.3010094059820261,0.5776443138297943,1.0
129,1.0768999336518716,0.5764886796378954,1.0
130,0.03693744158218553,0.04113737488936131,1.0
131,0.06640893214193432,-0.4713237211557162,0.0
132,1.0193532308777689,0.6159475442110479,1.0
133,0.7451582290791932,0.18482856702715145,1.0
134,-1.178912237879853,0.6555121294953398,1.0
135,0.2224538476958239,-0.9437760964511919,0.0
136,-0.327522748250107,0.6058095755467449,1.0
137,0.9106986285712461,-0.8110890717563402,0.0
138,-0.45706609303721474,0.7351868939238204,1.0
139,0.4615152988111177,0.6005706762677657,1.0
140,0.29934676318452397,-0.1748476883623531,0.0
141,0.5654376762804655,0.4627980892131216,1.0
142,1.2685688164804687,0.9086501014022685,1.0
143,-0.052401016745771495,-0.031876331442295625,1.0
144,0.7346144437627774,0.22734923060126344,1.0
145,0.06548882337467052,-0.05370237579596826,1.0
146,0.5742068672098491,0.21114645152532985,1.0
147,-0.4340220666233721,0.8859382423105573,1.0
148,0.9224620499240482,0.3768333984419623,1.0
149,-0.4871339674571864,-0.3782735783135224,0.0
150,0.9825547661700393,-0.39269024061898095,0.0
151,-0.38501610811225473,-0.29657898742982947,0.0
152,0.6442670811405915,-0.9400272344884728,0.0
153,-0.46620030449735095,0.19046474220748433,1.0
154,0.37093362010108794,0.5701400972200434,1.0
155,-0.33789022993054957,0.7733922871779582,1.0
156,0.6335009632858664,0.5174442425315461,1.0
157,1.1556576835089862,-0.7909521767670376,0.0
158,0.6382373455323802,-0.542318515759751,0.0
159,0.6468198436529132,0.5204082838397653,1.0
160,0.6170183229125272,0.31560145186902266,1.0
161,0.22601710115973028,-0.16282999646024776,0.0
162,0.10116465410147729,-0.44983468851548014,0.0
163,0.3529103161675428,-0.8938009279629502,0.0
164,0.16954353801546837,0.4781121951839149,1.0
165,-0.20733816737236432,0.08486414786663854,1.0
166,0.30294092924161353,-0.24362285662969452,0.0
167,0.9201085369067885,-0.3938172342877858,0.0
168,-4.306938396493409e-05,0.5654094314974767,1.0
169,0.10046013388052187,-0.5450449183372302,0.0
170,0.01642518446934949,-0.8014644320351436,0.0
171,0.18926180680157778,-0.7109731642825704,0.0
172,-0.7491708784017289,0.7359784370797569,1.0
173,0.6606196342553324,0.6204008406680056,1.0
174,-0.08207997321177027,-0.5518091047051025,0.0
175,-0.4059566896995686,0.45712276021432086,1.0
176,-0.5337614763752946,-0.35578529701075534,0.0
177,0.09143145975478771,0.16695960367542417,1.0
178,0.21819734653253145,0.7499200440077435,1.0
179,0.3003045528503688,0.6149052205151182,1.0
180,-0.8022738194756859,0.653079185514317,1.0
181,-0.011870408513465231,0.13186920011933245,1.0
182,-0.6249260554837184,0.80121646981696,1.0
183,0.4444392771395261,-0.9372466625298435,0.0
184,-1.1743776424639265,0.9314523268824195,1.0
185,-0.1064487823777628,0.6051695946196931,1.0
186,0.2679342899957987,-0.17498548908810907,0.0
187,0.3300320937394724,0.5447584762100238,1.0
188,-0.10500322539160226,-0.6932575358285722,0.0
189,-0.8510626381109695,0.3534581110507117,1.0
190,-0.7021202632688247,-0.9563297906730399,0.0
191,-0.08931762680582325,-0.7886452637011612,0.0
192,0.9280874064909672,0.4476131151163001,1.0
193,0.6409018758697949,-0.7748593813496296,0.0
194,-0.4843774484630686,-0.2518448191448829,0.0
195,-0.10172217140367222,0.9987199232206683,1.0
196,0.30142149098224413,-0.8201403368721687,0.0
197,-0.5944686252256774,0.734639040386485,1.0
198,-0.09179667688444483,-0.9710362029197122,0.0
199,-0.7438598692707288,0.8859936649089264,1.0
200,0.6769580081637103,-0.4131123727270529,0.0
201,0.8309481288184543,0.7235088095119158,1.0
202,-0.17205930460318267,0.5819822471834724,1.0
203,-0.37861033998548843,-0.9013596401591084,0.0
204,-0.9835884931779856,0.5448999992932746,1.0
205,0.18531791400703712,0.9150081546878956,1.0
206,0.18738133121638612,-0.29556077550145554,0.0
207,0.3965281806169201,0.5633656921996174,1.0
208,-0.40459911842610197,0.13754425578350338,1.0
209,-0.2613240174302763,0.7829858265876775,1.0
210,-0.28139744060210037,0.3157779108877188,1.0
211,-0.5666939931426381,0.6826546210629122,1.0
212,-0.2492797520597319,0.5064259772986012,1.0
213,0.32315790459644544,-0.5318658725867331,0.0
214,0.639832455865538,-0.5535014447628521,0.0
215,-0.35509487012726504,-0.16694593105924338,0.0
216,-0.20955137735032695,-0.40578066587524386,0.0
217,0.13633458958527478,0.9825781867901078,1.0
218,0.46422591484340525,0.4812843814256682,1.0
219,0.14385443691454128,0.747685571693934,1.0
220,0.060767508276378016,0.5514641820863733,1.0
221,-0.21023900058968284,0.8355872715212235,1.0
222,-0.7854730109158765,-0.9952875592663388,0.0
223,1.0621574406170011,0.7740525726587292,1.0
224,-0.1598108421973664,0.244791231156406,1.0
225,-0.14549124302216804,-0.7003430422042267,0.0
226,-0.8872995913962979,-0.3676160090395567,0.0
227,0.3482182973302146,0.4745241032913705,1.0
228,0.2668143967002773,0.728721002799064,1.0
229,1.1142658019553715,-0.7748581003668054,0.0
230,-1.2889540278079548,-0.9816605409648334,0.0
231,-0.7739496135812716,-0.8703323130617303,0.0
232,-0.07796510786885483,0.04622490020549552,0.0
233,0.5013575836565206,-0.09989922660413475,0.0
234,0.030016952738852524,0.8004338673239701,1.0
235,-0.7318495440743772,-0.585497808398267,0.0
236,0.7494864878678567,0.8153272892849133,1.0
237,-0.016214283782110622,-0.5518492569079233,0.0
238,-0.6590896961561867,-0.708963494080895,0.0
239,0.24643017873579193,-0.930798832319905,0.0
240,-1.0584637263670895,-0.8812234623941171,0.0
241,-0.10948156028042229,0.8767212321703025,1.0
242,0.9908833610970196,0.8860151066222062,1.0
243,0.14426370313323153,0.12303545901676838,1.0
244,-0.556948569393778,-0.4037205045513017,0.0
245,-0.4374072311787963,0.5169814705976072,1.0
246,-0.2351723865772886,0.1581681191948685,1.0
247,-0.26619600913169716,0.9229170007379244,1.0
248,-0.503474430248362,-0.5392340300813914,0.0
249,0.3945783338368978,0.5826254654789237,1.0
250,-0.24451631386918335,0.4405693820878904,1.0
251,1.2318019033497631,-0.8702172758882083,0.0
252,-0.6526725488621006,0.8679622472621542,1.0
253,-0.9658630006376829,-0.7639312161151682,0.0
254,0.10575155139527624,0.4590047538746266,1.0
255,0.4256700824990641,0.11648131306164555,1.0
256,-0.09074582654961282,-0.008006402229595144,1.0
257,-0.440415258064898,0.6860206162047657,1.0
258,0.7600404818702856,0.3647884529641805,1.0
259,0.47404686657252665,0.935814783777522,1.0
260,-1.081171557385032,-0.8242121878393822,0.0
261,0.18360503026083416,0.7296859317681719,1.0
262,0.7780984652026186,0.22579963478148057,1.0
263,-0.9820742843419006,-0.5278173164842526,0.0
264,0.4084837222530046,0.6451898616295151,1.0
265,0.3158828300326701,-0.5697166448210681,0.0
266,0.7456387530456339,0.26948023486338457,1.0
267,-0.9335845818932749,-0.502951921975772,0.0
268,-0.1328762004868934,-0.12011037734541818,0.0
269,0.6749995557045764,0.18796969402779085,1.0
270,-0.6265001567783469,-0.37351875326381057,0.0
271,-0.12445664873691593,-0.9037164799851568,0.0
272,-0.6727448416546093,-0.8184739109390003,0.0
273,-0.06907325755357088,-0.4326933655765889,0.0
274,-0.022292098711434043,-0.5077755605448994,0.0
275,-0.5291776753731998,0.49248237353451174,1.0
276,-0.9097274537924478,0.65982114733093,1.0
277,0.8610604273626069,0.7900254286220516,1.0
278,0.7274086992189523,-0.7887571782797878,0.0
279,0.7249653182892419,0.6912832184524662,1.0
280,-0.26088560628036966,0.713563184369714,1.0
281,0.9142165105110712,-0.4468355704964202,0.0
282,-1.0736731072972951,0.6532918053746601,1.0
283,-0.201869303850331,0.6215926493047051,1.0
284,-0.880859463651021,0.8540639303879091,1.0
285,-0.5275498981572473,0.36412085395229143,1.0
286,0.4913767663747826,-0.911535725525401,0.0
287,-0.42858863308104556,-0.18410845297813339,0.0
288,-0.04313799896227612,-0.26983088896399565,0.0
289,1.0069664255796869,-0.5249939347377286,0.0
290,-0.2696950123527563,-0.08927817314754316,0.0
291,-0.9551877357247698,0.37898915228920194,1.0
292,-0.32154157394942556,0.2477367281106324,1.0
293,-0.061240667390564156,-0.6162638922119061,0.0
294,0.9303954889553483,0.5121565291820088,1.0
295,-0.25161856634985014,0.3765074672709664,1.0
296,0.13375803160224695,-0.026971920740813005,1.0
297,-0.5290280288374194,-0.740266120323328,0.0
298,0.17245200652093365,-0.0032780298890524584,0.0
299,-0.7240181161922895,0.5171810141762591,1.0
300,-0.18488508549780214,-0.1017785079133855,0.0
301,-0.90856294296201,-0.819953621507154,0.0
302,1.0213502773144358,-0.8759059997824981,0.0
303,-0.21994633582989226,-0.280068703024947,0.0
304,-0.3527291411839553,0.3749658063585014,1.0
305,0.7724599620896975,0.7269069378046088,1.0
306,-0.552446083045621,-0.2001514910199511,0.0
307,1.1042022008692893,0.6954031377524488,1.0
308,-0.46871667189612887,0.13994586005521725,1.0
309,-1.0050357528716092,0.4100331318567769,1.0
310,-0.10430556265388849,-0.4751642697135975,0.0
311,0.2510108503482727,-0.21354277560508494,0.0
312,0.49881041328146886,-0.4976089023993082,0.0
313,0.21724531009476816,-0.9686903039388981,0.0
314,-0.46976486743395013,-0.5391930936345637,0.0
315,0.5793869207825924,0.9182479652414772,1.0
316,0.907464649175492,-0.7015630177212893,0.0
317,0.442868170455173,0.3992370791629497,1.0
318,0.7415255299807498,-0.20665651357630788,0.0
319,0.24015670952629503,-0.21479166115117354,0.0
320,-0.9337819117752296,-0.6691720881303178,0.0
321,-0.7183567892701616,-0.43970351415052755,0.0
322,-0.18580627891885224,0.030435122379264046,1.0
323,0.20998293439124227,0.6704908802651195,1.0
324,-0.555494849027527,0.08731594972411849,1.0
325,-0.0605467589292433,0.9660591888032263,1.0
326,1.0653177935387108,0.9326667195063683,1.0
327,-0.2321675609968993,0.7350743580782125,1.0
328,0.41436360852385795,-0.5026454427169018,0.0
329,-0.5435394629170893,-0.5705049964755319,0.0
330,0.17822832769398872,0.3025695548432942,1.0
331,-0.8860786324954834,-0.7449661326810904,0.0
332,-1.0703640754595412,0.926932824513873,1.0
333,0.7586253768395111,0.4713270765048515,1.0
334,-0.02112915634025021,0.31688068435910344,1.0
335,-0.23811980013320258,0.40368951650169116,1.0
336,0.4271806364706955,-0.3004702306792031,0.0
337,0.9677384033312951,0.8267893532320698,1.0
338,0.7464394645918939,-0.8973599955354222,0.0
339,-0.07383237298534624,-0.3279104361330816,0.0
340,-0.7817778261025625,0.6977807188517384,1.0
341,0.014937010672381512,-0.7192292441885114,0.0
342,-0.5302911997626126,0.234224616371292,1.0
343,-0.6887483913023307,0.36285366714682976,1.0
344,0.6982722556530593,0.9974120075527797,1.0
345,-0.016357866269726594,0.7421288275491376,1.0
346,-0.1847526076653951,-0.17178181027935735,0.0
347,-1.1717059537071504,0.8931924968761444,1.0
348,-0.21624849871213878,0.7302427634503301,1.0
349,-0.21894729848915684,0.6062114512522544,1.0
350,-0.6717725396674569,0.8293124169106342,1.0
351,-0.945359311446713,0.6441642534684959,1.0
352,-0.40056059136632083,0.31699308525892544,1.0
353,0.3599207000733345,0.4227867499340152,1.0
354,-1.007568212488753,0.46708359647703057,1.0
355,0.039110200590744465,-0.47940009460913535,0.0
356,-0.19982145170018528,0.00837966892386266,1.0
357,-0.7893488945768073,-0.23796588497179427,0.0
358,-0.562909062583667,-0.6335283014104074,0.0
359,-0.5674698292535016,-0.9758645308141691,0.0
360,0.3797190095110318,-0.15637428053718883,0.0
361,-0.6669219612362909,0.7318120717813115,1.0
362,-0.030347773401579216,-0.6849762967902697,0.0
363,0.5264958458071861,0.855422418403126,1.0
364,0.24372405174129882,0.9256732976723175,1.0
365,1.1301766471290995,0.8799751589458737,1.0
366,0.8156485846346885,-0.5574013950262344,0.0
367,-1.0053015892072672,-0.8167164978975026,0.0
368,-0.07465561487853788,0.4054960158465053,1.0
369,0.8875682664757016,0.36005668001406554,1.0
370,-0.5528572412841123,-0.584113314670122,0.0
371,-0.17561092075079904,-0.884478050056179,0.0
372,0.6714791906646924,-0.36146216538783205,0.0
373,-0.6003838692819204,0.5629685466737957,1.0
374,0.3045240641048649,0.811665160070213,1.0
375,0.22129841512422327,0.2952650326194983,1.0
376,-0.6288309302610812,-0.8850502759899304,0.0
377,0.5833305683857367,-0.5907193736042096,0.0
378,-0.35382071028021866,0.05342312256123871,1.0
379,-0.9830197094960919,0.9274606359453339,1.0
380,0.4892999976447929,0.7440083518670019,1.0
381,0.8506023800351943,0.30646699551051226,1.0
382,0.3294777526009537,-0.3994005980789944,0.0
383,-0.11952850139222014,-0.3802765098208667,0.0
384,0.17263966925297894,0.6163691218467652,1.0
385,-0.10167708380317748,-0.02449780940113211,0.0
386,-0.48188403878218083,0.8496663336176615,1.0
387,-0.6913824173774495,-0.2881605251963957,0.0
388,-0.3672580757746179,-0.40074114781844816,0.0
389,0.5269934058525084,0.8068740564611179,1.0
390,0.9170673671912654,0.6733326816724697,1.0
391,1.115906433252999,0.67696714599273,1.0
392,0.37386541409216484,0.2123204478524343,1.0
393,0.361103131767116,-0.3928681204290846,0.0
394,0.395734424780523,0.26319720649088874,1.0
395,0.09397533199298867,-0.9523501143024095,0.0
396,-0.08773143196117639,0.5648449165979076,1.0
397,-0.7592331626542022,-0.7047871857949392,0.0
398,0.43279027330812103,-0.2907239022414849,0.0
399,-0.48182403839438304,-0.7909338450723802,0.0
400,0.45400879700987756,-0.8201045489016074,0.0
401,-0.23616431530198187,-0.6969281075039607,0.0
402,0.03402047773005242,0.7512006856915392,1.0
403,-0.5120984555168564,-0.445518272166492,0.0
404,-0.8005755042679238,0.475011741088355,1.0
405,0.45419652680387734,-0.5874914302862569,0.0
406,0.8712470471734602,-0.6177400277167502,0.0
407,0.8328487957295727,-0.9687919296771391,0.0
408,0.914229775847247,0.3817192228425238,1.0
409,0.0758296812905663,-0.11863317112802618,0.0
410,0.5748904950428129,0.6898165809842507,1.0
411,0.5910071278732336,0.28447210785044985,1.0
412,-1.130840959862589,-0.6390320052438514,0.0
413,-0.4082494863619921,0.05732401291584277,1.0
414,-1.0465505721833082,0.618973416230708,1.0
415,0.8065134850654944,-0.3912182203581529,0.0
416,0.6592700545308617,-0.5530119462940836,0.0
417,-0.8426478094215369,-0.8426389603694467,0.0
418,-0.08658835032276241,-0.35660732746129,0.0
419,0.7095549502171123,-0.5752687917058712,0.0
420,-0.6195993621965193,0.5005666970410564,1.0
421,-0.07570320604841421,-0.46008331118944135,0.0
422,-0.5342563136332159,-0.39985274675887117,0.0
423,-0.14874503279598958,0.6293545369792685,1.0
424,-0.9117165076437095,0.9937176174367114,1.0
425,-0.3299348782184507,-0.41000202226773785,0.0
426,-0.3763488896854018,0.8861323027953193,1.0
427,-0.8544174870028838,-0.6359331406515586,0.0
428,0.47458734540108405,-0.10016383465451217,0.0
429,0.551153575291627,0.30428906688083435,1.0
430,0.2648318746845067,0.9412809089448426,1.0
431,-1.1046667469851965,-0.9636573665675057,0.0
432,0.8202737137886276,0.6880572728684058,1.0
433,-0.5314171273639607,-0.8598258902794409,0.0
434,-0.5617312129159583,-0.7136995109215378,0.0
435,-0.5681917326848547,-0.779797165568314,0.0
436,-0.6060934447157474,0.22514560398321293,1.0
437,-0.5247221977566224,0.2784875846771523,1.0
438,-1.176568346036207,0.7716025038248129,1.0
439,-0.6945758196102132,0.506054404597095,1.0
440,-0.24584063754609592,-0.4396042737037714,0.0
441,-0.6045696024219948,0.4290039113374997,1.0
442,0.5168962010453368,0.5074205819026475,1.0
443,0.9004087447573697,0.5838162572940602,1.0
444,1.0518917198462057,-0.8092014488885475,0.0
445,1.022218824525071,-0.503599608664416,0.0
446,0.09415597844417077,0.996111587393326,1.0
447,-0.7910552188236905,-0.6920614247103672,0.0
448,0.8903187636735315,0.5242308227157342,1.0
449,-1.0275307399502318,0.7377469054861567,1.0
450,0.42044206876238743,-0.7767090864857301,0.0
451,0.6952127671658672,-0.348001382463054,0.0
452,0.08409454231018267,0.4054282190027828,1.0
453,1.1788145303710005,-0.9459698265898863,0.0
454,-0.6839007435511735,-0.5903246361205277,0.0
455,0.17950482947933205,-0.9929019994621954,0.0
456,1.0308731931579862,0.8792995166913857,1.0
457,-0.9237887733396396,0.526211603722814,1.0
458,-0.039220416563786886,-0.5541051902607004,0.0
459,-0.8940929529693006,-0.48174145964777815,0.0
460,-0.5997540958086981,0.7322388992011745,1.0
461,-0.5171020285840738,0.9883204824526892,1.0
462,-0.016231634819689405,0.6514148176289822,1.0
463,0.9198923023076282,0.3198264344764499,1.0
464,0.4224737502205535,-0.13265482416141383,0.0
465,-0.05129728673650893,-0.8247917695040092,0.0
466,-0.375656776311288,-0.3053560752613115,0.0
467,-0.27899408191964226,0.39659621176012494,1.0
468,-0.19676178703943242,0.9554043650570488,1.0
469,-0.8874821397767404,-0.3437063537627204,0.0
470,-0.17769782657729966,0.04554221387046864,0.0
471,0.25158281098522806,-0.3041039618493867,0.0
472,-1.0174606347078583,0.5531434025249992,1.0
473,-0.13743669171777798,0.3227839136439127,1.0
474,-0.2836433996391346,-0.13368994243123788,0.0
475,-0.029840513323369934,0.9729135980010897,1.0
476,0.3050585316832297,-0.303962189711794,0.0
477,-1.13377650208766,0.7835544736557398,1.0
478,0.6371663943467101,0.3991061810558938,1.0
479,0.2988026803453108,-0.7154437298910905,0.0
480,-0.9902252109925884,-0.6163545360674029,0.0
481,-0.1752852134891687,-0.7534186924806094,0.0
482,-0.3487702138648435,0.6768400161686684,1.0
483,0.05701227922091862,0.3029334483072845,1.0
484,-0.8141369516618941,0.7199695914583499,1.0
485,-1.0667731279633539,0.7443041420827856,1.0
486,0.7273703064294669,0.4354168504264596,1.0
487,0.6797124346998347,0.6943321772177219,1.0
488,-0.4063053956716218,0.6985028299890074,1.0
489,0.02306448615089126,-0.543857585095402,0.0
490,-0.7563385967519162,0.7124711914675206,1.0
491,0.7241965840296934,0.6609356294065111,1.0
492,-0.015881253328130347,0.4238332935736907,1.0
493,0.2921280311505555,0.7418509904459093,1.0
494,-0.4508500989120167,-0.23889292565074127,0.0
495,0.8492452692432908,-0.5983103560330483,0.0
496,0.5793391202946158,0.5899956794438056,1.0
497,-0.3146462012868237,-0.08521982945610107,0.0
498,-0.24893229893806906,-0.20642159141120642,0.0
499,0.06851231305896203,-0.8453508476971164,0.0
500,-0.06804890305796216,0.7650787220948043,1.0
501,0.12171131321125782,-0.7207248513455073,0.0
502,0.022310506652272143,0.19468980009860748,1.0
503,-0.6444842657310179,-0.13670028574790183,0.0
504,-0.28516868274402063,-0.2973899208566416,0.0
505,0.42016681267719247,-0.7477648879090809,0.0
506,-0.14203657701312394,-0.8054480225885182,0.0
507,-0.28089890434888126,0.6174262051768842,1.0
508,0.7625125370026489,-0.7610745906173252,0.0
509,-0.07933954494460378,0.5778699071542703,1.0
510,0.6213588434167584,-0.6575700808614167,0.0
511,-0.6984339654501511,0.6402080468244269,1.0
512,0.7040525715084214,-0.973751605820322,0.0
513,0.28066744486088074,0.19819287454624535,1.0
514,0.6743830309680426,-0.6759738906162972,0.0
515,0.32326341284997817,0.7543151104185889,1.0
516,-0.03683823451300473,0.9698138171785692,1.0
517,-0.2526340501478449,-0.9399979129010849,0.0
518,1.143307487577111,0.8315035160710813,1.0
519,0.8181229143686901,0.4379800223236273,1.0
520,-0.5798501617537329,0.36873671097004124,1.0
521,-1.174244784387724,0.8232179500941317,1.0
522,-0.3082741003031168,-0.04814560618359898,0.0
523,-0.0488455555998359,-0.8293740727144211,0.0
524,-0.02978404966994189,-0.026737768041214416,1.0
525,0.6970678938950922,0.32585008906651347,1.0
526,-1.0922451087105363,0.6629136674398176,1.0
527,0.5739776449400943,0.7008024677514084,1.0
528,-0.8326343278348438,0.4532383212150004,1.0
529,-0.6526719615281142,0.3870186883973914,1.0
530,0.3485046829344314,-0.9589076781908774,0.0
531,-0.4809976765387633,0.11633160505160922,1.0
532,-0.4174524510181094,-0.14235758638603024,0.0
533,-0.9514788691938766,-0.4378237046435045,0.0
534,0.6362392640987146,-0.2337799921535344,0.0
535,-0.004116020064341291,0.10120437265396776,1.0
536,-0.5066736244330381,0.2520149879862196,1.0
537,-0.3167918221572289,-0.3868152030443789,0.0
538,0.06729226151759232,0.05905847961805111,1.0
539,0.7210684511227541,0.729856490945175,1.0
540,0.06031292675289539,0.08620819190801332,1.0
541,-1.0217615103371038,0.4586622792428984,1.0
542,0.600414330301758,0.6737433513845132,1.0
543,1.0932044115208297,0.7590629297270097,1.0
544,-0.8572552566418582,-0.6195876517233141,0.0
545,0.6385342749085152,0.16529468634821032,1.0
546,-0.4299480432283768,0.1768229736289415,1.0
547,0.3000215134081849,0.5606645667204653,1.0
548,0.7105751224020782,-0.8702462930633135,0.0
549,0.6926500484437303,0.8403828296109488,1.0
550,-0.0399806170426404,-0.8215281264907868,0.0
551,0.15655431179345988,0.5463259575717706,1.0
552,0.6479618862592257,-0.7636534943620232,0.0
553,1.1879691129816943,0.8074119709143173,1.0
554,0.11957453274218365,-0.6930741898930036,0.0
555,0.2897611803538342,0.48208748939899637,1.0
556,0.7980722580861536,0.3132010248807887,1.0
557,0.49195572453041003,-0.4702613195989771,0.0
558,-0.732359641957367,0.7102129330795925,1.0
559,0.5344898807953812,0.5628470189055002,1.0
560,0.8782118446717733,0.7576730872936994,1.0
561,0.5862437036451552,-0.33851578808392446,0.0
562,0.7042317029308758,-0.44238308324644116,0.0
563,1.0241187591588459,0.9352193199564787,1.0
564,0.6874823606888113,-0.24906409758931414,0.0
565,0.6617107429477177,-0.10885562208138166,0.0
566,0.9954999882026729,0.38872805303447844,1.0
567,1.0409609245682159,0.6999746480775775,1.0
568,0.12155831733353252,-0.6372331208890851,0.0
569,-0.0936109911738143,0.5739751068030347,1.0
570,-0.6865850394770611,-0.4249941432326606,0.0
571,1.1022976276173357,0.8570593838853859,1.0
572,0.6562291059525651,0.1740281670738264,1.0
573,-0.10613499348509091,-0.4097186723109987,0.0
574,-0.4612092919013145,0.7654665976973025,1.0
575,-0.32519354389956584,0.9973822014509126,1.0
576,-0.4945099962298739,-0.38607588063648635,0.0
577,0.7700458697115204,0.6570294768724866,1.0
578,-0.4437669530557741,-0.6929315391456867,0.0
579,-0.07057293354135222,0.4329403336133544,1.0
580,-1.0242283325202193,-0.8206807792261805,0.0
581,-0.4375954090437264,0.9672423464064607,1.0
582,0.24225736041864926,-0.6313331386791088,0.0
583,-0.6946266229127707,-0.6798131116904415,0.0
584,-0.08690181937209619,-0.6364626911471979,0.0
585,0.09147780639193563,-0.9405340057545896,0.0
586,0.997822142716864,-0.5986618830103381,0.0
587,-0.7785264367734245,0.27144988878989484,1.0
588,0.6268208319335195,-0.3496477508417787,0.0
589,-0.09966849824805617,-0.6102453541741896,0.0
590,-0.1740916361441615,-0.29426423348509034,0.0
591,1.0547273627698903,-0.8308043684630275,0.0
592,-0.9128844829699084,-0.33062345564835616,0.0
593,-0.23830009396312332,-0.2273064868218464,0.0
594,0.869267054689295,-0.8459480198524444,0.0
595,0.014434623622848666,0.944761839991521,1.0
596,0.44860425033417145,-0.41266269585510484,0.0
597,-0.8098156946171436,-0.9813500882199582,0.0
598,-0.3777939708843814,0.460862745541604,1.0
599,0.9218434606087126,-0.8264928312640598,0.0
600,-0.9851655090405844,0.9882622341042038,1.0
601,-0.615784023015782,0.7160301572438902,1.0
602,0.3851994213975626,0.20841413637394046,1.0
603,0.5491249831157122,0.5271404166457065,1.0
604,-0.26520225723763957,0.7786108691288249,1.0
605,-0.5490749304621931,-0.6436922147472055,0.0
606,-0.4838197011909175,0.376429606975173,1.0
607,-0.7638921764057323,0.9714147402831738,1.0
608,0.34067536966895307,-0.6573430062943962,0.0
609,-0.05943408756500794,-0.24064451736770232,0.0
610,0.007845613364909956,-0.15592938515972787,0.0
611,0.1810274656792676,0.594707514177828,1.0
612,-0.6007780398166757,0.19218297941676532,1.0
613,-0.08585885347151154,0.373971870677527,1.0
614,0.7920481235058019,-0.2730413824178215,0.0
615,-0.20683419692352917,0.7378946306536261,1.0
616,-0.17904959101465318,0.698067070091878,1.0
617,-1.1463825542104094,0.8411519266313365,1.0
618,-0.7083444096462338,-0.7972800597856851,0.0
619,-0.9062708029950104,0.8587353344796842,1.0
620,-0.2867292323052037,0.5516828881447907,1.0
621,0.9592191175047886,0.7569951812797013,1.0
622,0.8309328316267007,-0.8045341750168227,0.0
623,0.17321396586551635,-0.07846703995635562,0.0
624,-0.4384726211250582,-0.6646645595390284,0.0
625,1.1677897875865206,-0.8072584438993768,0.0
626,-0.3200153128568808,-0.5357806344300482,0.0
627,-0.05577973561582977,0.15843135784924844,1.0
628,0.4058170766786592,0.8055686634018716,1.0
629,-0.22881182642889503,-0.17009873234926998,0.0
630,-0.2258600771239289,0.6555422695608524,1.0
631,0.28084151141553504,-0.9223214650520921,0.0
632,0.14259036915727233,-0.4805043956467273,0.0
633,0.5794386016541694,0.7626631565771526,1.0
634,0.706001993521731,0.761809116580409,1.0
635,-0.3497826314390822,-0.7174784977131753,0.0
636,-0.34215071348383796,-0.22820547034032423,0.0
637,-0.26085136680331855,-0.44298951047695956,0.0
638,0.04689849255054896,0.15680347150444462,1.0
639,0.4356070414307536,-0.6242883056335218,0.0
640,0.3612207876716697,-0.635096120753601,0.0
641,0.39269724338911705,-0.1337357929610512,0.0
642,-0.07252738325128504,0.009135658736198593,1.0
643,-0.13144691059947827,0.05658363180399806,1.0
644,0.14397580466625107,-0.04345144376392107,0.0
645,-0.24903023370609514,-0.5666737732350078,0.0
646,0.5605110565394349,-0.052256162610607504,0.0
647,-1.1229765629595045,0.6457139496233373,1.0
648,1.1447570939886227,-0.6303827501996381,0.0
649,-0.7857776292413045,0.5769915045835278,1.0
650,-0.7520097775442429,-0.31933696275048007,0.0
651,-0.08438532374463777,0.6437120915129672,1.0
652,0.29200886221950506,0.08907131456235806,1.0
653,0.2953115086862806,0.8064587638143861,1.0
654,-0.3881515041074233,0.27805099039875525,1.0
655,-0.4424272388455824,-0.9785322076435357,0.0
656,0.9357491537314329,0.9930611670317225,1.0
657,-0.216832706151279,-0.0849771073972978,0.0
658,-1.1259317041026582,0.9685929078402487,1.0
659,0.3919860107166263,-0.41647417380453544,0.0
660,-0.8500069424355309,-0.8569039867339535,0.0
661,-0.9535746976953642,-0.8991459284746557,0.0
662,-0.6640006584896881,-0.8161537718920548,0.0
663,0.391167504027526,0.47707234227852735,1.0
664,-0.2540102007579614,-0.8840007395684488,0.0
665,0.5065164314596551,0.5725532333669469,1.0
666,0.1641909081101395,-0.5088912192490274,0.0
667,0.6650487666441184,-0.4348804869809013,0.0
668,0.42825824215589336,0.2332949637568753,1.0
669,0.3085297655379487,0.5796474925572939,1.0
670,0.3956405524753006,0.3035033145790078,1.0
671,0.8770416263979313,-0.816409250975349,0.0
672,-0.11507143512204544,0.06135709935271927,0.0
673,1.104438909824681,0.878604112264153,1.0
674,-0.5954822447571394,0.8785052690368242,1.0
675,0.6365486058688464,0.9681226297507437,1.0
676,-0.9004248392431089,0.5285936794365281,1.0
677,-0.7688702711594363,0.31314014446488014,1.0
678,-0.6968584967999839,-0.8179058041116394,0.0
679,-0.09298428257795344,0.07037095819390915,1.0
680,-0.43378950579711156,0.6908715633981533,1.0
681,0.4016188267898332,0.8405856012463275,1.0
682,0.6772846297240652,0.13773826144252865,1.0
683,0.7694848307840092,-0.3171445751846358,0.0
684,-0.2592419935911353,-0.1252431858572398,0.0
685,-0.5755829196995695,-0.627941075266673,0.0
686,-0.9235567061379132,0.9924077736093455,1.0
687,-0.22671884463753153,0.7236212484032677,1.0
688,-0.8505939657075193,-0.6722366490437449,0.0
689,-0.14620716399492395,-0.4602045246464932,0.0
690,0.919847495644828,0.6186588649458964,1.0
691,-0.6102600458975097,-0.9794505926258943,0.0
692,-0.5310055995600345,-0.566945078292245,0.0
693,0.5052365240993889,-0.9877691410882129,0.0
694,0.4755396572984966,-0.8542169151852266,0.0
695,0.900230656526985,-0.3307258757163254,0.0
696,-0.8227284959282978,-0.7473803780973498,0.0
697,-0.7311318722067024,-0.9075067041503211,0.0
698,0.6608443118218033,0.554067485209259,1.0
699,-0.2975420302102054,-0.9185051849325294,0.0
700,0.18183830419483424,-0.7500580900015611,0.0
701,-0.0030043994741466296,0.5545588889681798,1.0
702,1.0368711509934856,-0.7563970167433458,0.0
703,0.22004672321974073,-0.9322689258931496,0.0
704,-0.5957723984318964,0.46313101700985215,1.0
705,0.4849486504564953,0.7793715684845955,1.0
706,0.10134166312491329,-0.9217783494604934,0.0
707,0.9392928312226818,0.7769439315591992,1.0
708,-0.5579886230894695,0.9996662599237434,1.0
709,-0.7579487014538793,-0.6173707490763195,0.0
710,-0.16471976834460164,0.5876857056644399,1.0
711,-0.34745728210551846,0.23429584318650964,1.0
712,0.7461637874085411,0.5189624274886571,1.0
713,-0.038866494123560184,-0.30976515723833553,0.0
714,-0.5745137753512906,0.6853146496491285,1.0
715,0.09535238536333196,0.7786661513428232,1.0
716,-0.5513895398531763,0.9445060157949163,1.0
717,-0.9294688400807506,0.7699786703074514,1.0
718,0.6119378528182761,0.49933048895963406,1.0
719,0.33557035827397536,0.003306610071900362,1.0
720,0.4071192816788722,0.3091135358065775,1.0
721,-0.3788824968591508,-0.6774849841610991,0.0
722,-0.7142615034783336,-0.7621589392831539,0.0
723,-0.9321281173263565,0.566559190431017,1.0
724,0.7841645345290075,0.8716356069531928,1.0
725,-0.6090675110284036,0.09071754182886149,1.0
726,-0.43042332470823635,-0.6322792563139455,0.0
727,-0.5818429346893502,-0.10435374047099066,0.0
728,-0.02954651750890634,0.3269521328464058,1.0
729,-0.6037373949510076,0.08583535864440472,1.0
730,0.7002886935612035,0.3763342088379813,1.0
731,-0.6409822792006619,-0.9915448798389194,0.0
732,0.5524872506458997,0.4326812149574315,1.0
733,-0.1391196052969188,0.393068398764036,1.0
734,0.8001882807653663,0.5965700845006274,1.0
735,-0.11335640289857932,-0.5841271296385342,0.0
736,-0.09474468602254074,-0.016188188490211086,1.0
737,0.5149136253903757,-0.6400424660775093,0.0
738,-0.3801866079222751,-0.8055279998402567,0.0
739,0.6158349309729366,-0.3911497241278825,0.0
740,-0.5389910214715479,-0.8123722322831823,0.0
741,0.9224255184564842,0.37479153728455317,1.0
742,-0.2063178764025524,0.9754055942541056,1.0
